Full Name	ID
"Abel, Professor Paul David"	313
"Aboagye, Professor Eric Ofori"	314
"Abraham, Dr Sonya Marie"	112
"Adcock, Professor Ian Michael"	315
"Agarwal, Dr Roshan"	113
"Aggarwal, Mr Rajesh"	1
"Agranoff, Dr Daniel David"	114
"Ahmed, Mr Ahmed Rashid"	115
"Alberti, Professor George G M M A"	316
"Ali, Professor Simak"	317
"Allday, Professor Martin John"	318
"Allen-Mersh, Professor Timothy G."	319
"Altmann, Professor Daniel Martin (Danny)"	320
"Alton, Professor Eric Walter Frederick Wolfgang FMedSci"	321
"Anand, Professor Praveen"	322
"Anstee, Dr Quentin Mark"	2
"Apperley, Professor Jane Felicity"	323
"Ariff, Dr Ben Bahemia"	3
"Ashby, Dr Damien Raphel"	4
"Ashby, Professor Deborah"	324
"Ashton-Rickardt, Professor Philip George (Philip)"	325
"Asquith, Dr Rebecca Emma (Becca)"	5
"Athanasiou, Mr Thanos"	247
"Atkin, Professor Wendy S"	326
"Aylin, Dr Paul Philip"	248
"Azuara, Dr Veronique"	6
"Azzopardi, Dr Denis Victor"	249
"Bain, Dr Peter George"	250
"Bain, Professor Barbara Jane"	327
"Balding, Professor David Joseph"	328
"Balloux, Dr Francois Didier"	271
"Bangham, Professor Charles Richard Mark ScD FMedSci"	329
"Barakat, Dr Maha Taysir"	272
"Barclay, Professor Wendy Sue"	330
"Barnes, Professor Peter John FMedSci, FRS"	331
"Barnes, Professor Thomas Richard Edward"	332
"Barrett, Dr Michael Christopher"	116
"Barton, Dr Paul Jeremy Richard"	273
"Basanez, Dr Maria-Gloria"	274
"Bassett, Dr John Howard Duncan (Duncan)"	117
"Beckett, Dr Nigel Stanley"	118
"Beckmann, Dr Christian Friedrich"	119
"Bell, Professor Derek"	333
"Bello, Dr Fernando"	120
"Belvisi, Professor Maria Gabriela"	334
"Bennett, Professor Phillip Robert"	335
"Bentley, Dr Paul"	121
"Best, Professor Nicola Grace (Nicky)"	336
"Bevan, Dr Charlotte Lynne (Charlotte)"	122
"Bewick, Dr Gavin Alexander"	7
"Bignell, Dr Elaine Mary"	8
"Bishop, Dr Anne Elizabeth"	275
"Blagden, Dr Sarah Patricia"	123
"Blair, Dr Mitchel Eliot (Mitch)"	251
"Blakemore, Dr Alexandra Ida Francesca (Alex)"	124
"Blane, Professor David"	337
"Bloom, Professor Stephen Robert FMedSci (Steve)"	338
"Boardman, Dr James Peter"	125
"Boily, Dr Marie-Claude"	126
"Boobis, Professor Alan Raymond OBE"	339
"Booton, Dr Paul"	127
"Bottle, Dr Robert Alex (Alex)"	9
"Botto, Professor Marina"	340
"Bou-Gharios, Dr George"	276
"Boyle, Dr Robert John"	128
"Boyton, Dr Rosemary Jane"	129
"Braga, Dr Vania"	277
"Brand, Dr Nigel John"	130
"Brennan, Professor Fionula Mary"	341
"Briggs, Professor David John"	342
"Brogan, Dr Catherine Mary O'Connell"	131
"Bronstein, Professor Adolfo Miguel"	343
"Brooks, Professor David James MD, DSc, FRCP, FMedSci"	344
"Brosens, Professor Jan Jonis"	345
"Brown, Dr Susan Carol"	278
"Brown, Professor Robert BSc PhD"	346
"Bubici, Dr Concetta"	10
"Buluwela, Dr Lakjaya (Laki)"	279
"Bundy, Dr Jacob Guy (Jake)"	11
"Burney, Professor Peter Gordon James MA MD FRCP FFPHM FMedSci"	347
"Bush, Professor Andrew"	348
"Butt, Dr Simon Julian Bevan"	12
"Car, Dr Josip"	132
"Chai, Dr Jian Guo"	133
"Chambers, Dr John Campbell"	134
"Chan, Dr Sau Fong (Vera)"	13
"Chaturvedi, Professor Nishi"	349
"Chaudhri, Dr Owais Bashir"	14
"Chayen, Professor Naomi"	350
"Cherepanov, Dr Peter P"	280
"Chester, Dr Adrian Harold"	135
"Christian, Dr Mark"	15
"Chung, Dr Adrian James"	16
"Chung, Professor Kian Fan (Fan)"	351
"Clark, Dr Andrew Richard (Andy)"	136
"Clark, Dr Peter"	137
"Clerk, Dr Angela"	281
"Cobb, Professor Justin Peter BMBCh FRCS MCh (Justin)"	352
"Coen, Dr Muireann"	17
"Collins, Professor Peter"	353
"Cook, Dr Stuart"	138
"Cook, Professor Herbert Terence (Terence)"	354
"Cooke, Dr Graham Stephen"	139
"Cookson, Professor William Osmond Charles MA, MD, DPhil, FRCP, FMedSci (Bill)"	355
"Coombes, Professor Raoul Charles FMedSci (Charles)"	356
"Cosgrove, Professor David Owen"	357
"Costa-Pereira, Dr Ana Paula"	18
"Coutelle, Professor Charles C"	358
"Cowan, Dr Frances Mary"	140
"Cowie, Professor Martin Richard"	359
"Cox, Dr Isobel Jane (Jane)"	19
"Crawford, Dr Michael Joseph (Mike)"	252
"Crawley, Dr James Thomas Blick (Jim)"	20
"Croucher, Dr Martin James"	141
"Cui, Dr Wei"	21
"Culley, Dr Fiona Jane"	22
"Cullinan, Professor Paul"	360
"Cunninghame Graham, Dr Deborah Shirley"	23
"Curtin, Professor Nancy Ann"	361
"Da Silva Xavier, Dr Gabriela"	24
"Dalakas, Professor Marinos C"	362
"Darzi, Ara W"	363
"Davies, Dr Jane Carolyn"	142
"Davies, Dr Justin Edgar Rees"	25
"Davies, Professor Alun Huw"	364
"Davies, Professor David Ceri"	365
"Dazzi, Professor Francesco"	366
"de Belleroche, Professor Jacqueline S (Jackie)"	367
"De Iorio, Dr Maria"	26
"De Paola, Dr Vincenzo"	27
"De Silva, Dr Pettahandige Esalakumar Ranil (Ranil)"	143
"De Wolf, Professor Frank"	368
"Dean, Dr Jonathan Lewis Edward"	28
"Dexter, Dr David Trevor"	282
"Dhillo, Dr Waljit Singh"	144
"Dickinson, Dr Robert"	29
"Dilworth, Dr Stephen Michael (Steve)"	283
"Domin, Dr Jan"	284
"Donnelly, Dr Louise Elizabeth"	145
"Donnelly, Professor Christl Ann"	369
"Dorling, Dr Anthony"	253
"Dumas, Dr Marc Emmanuel"	30
"Durham, Professor Stephen Reginald"	370
"Dyson, Professor Peter Julian (Julian)"	371
"Ebbels, Dr Timothy Mark David"	31
"Eckersley, Dr Robert John"	32
"Edison, Dr Paul"	146
"Edwards, Dr Michael Robert"	33
"Edwards, Dr Philip John (Eddie)"	34
"Edwards, Professor Alexander David"	372
"Edwards, Professor Christopher R W"	373
"Elkington, Dr Paul Timothy George"	147
"Elliott, Dr Gillian Daphne"	148
"Elliott, Professor Paul FMedSci"	374
"Emerson, Dr Michael"	35
"Enright, Professor Mark Charles"	375
"Evans, Dr Paul Charles"	149
"Faiz, Mr Omar Darius"	150
"Falchi, Dr Mario"	36
"Farrell, Professor Paul James FMedSci"	376
"Feldmann, Professor Marc FMedSci,FAA,FRS"	377
"Fenwick, Professor Alan OBE"	378
"Ferenczi, Professor Michael A B.Sc., Ph.D. (Mike)"	379
"Ferguson, Professor Neil Morris"	380
"Festenstein, Professor Richard John"	381
"Fidler, Dr Sarah Jane"	151
"Field, Dr Benjamin Christopher Thomas"	37
"Firmin, Professor David Nigel"	382
"Fisher, Dr Benjamin Alexis Charles"	38
"Fisher, Dr Matthew"	152
"Francis, Dr Darrel Parthipan"	153
"Franks, Professor Stephen FMedSci"	383
"Franzoso, Professor Guido"	384
"Fraser, Dr Christophe"	285
"Friedland, Professor Jonathan Samuel (Jon)"	385
"Froguel, Professor Philippe"	386
"Frost, Professor Gary"	387
"Fusi, Dr Luca"	154
"Gabra, Professor Hani"	388
"Game, Dr David Stanley"	39
"Gardiner, Dr Helena Maria"	155
"Gardiner, Dr James Victor"	156
"Garnett, Professor Geoffrey P"	389
"Garralda Hualde, Professor Maria Elena (Elena)"	390
"Gavins, Dr Felicity Nicola Emma"	40
"Gentleman, Dr Stephen Michael (Steve)"	286
"George, Professor Andrew John Timothy (Andrew)"	391
"Geroulakos, Mr George"	157
"Ghaem-Maghami, Dr Sadaf"	158
"Ghani, Professor Azra Catherine Hilary"	392
"Ghatei, Professor Mohammad Ali"	393
"Gibbs, Dr John Simon R (J Simon)"	159
"Gilks, Professor Charles Franklin FRCP"	394
"Gillies, Dr Glenda Elaine"	287
"Glover, Professor Vivette Ann Susan"	395
"Gnani, Dr Shamini"	160
"Godsland, Dr Ian Francis"	288
"Goldin, Dr Robert David"	254
"Gooderham, Professor Nigel John"	396
"Goodfellow, Dr Ian"	161
"Goodier, Dr Martin Rhys"	41
"Gordon, Professor Myrtle Y A"	397
"Gorelik, Dr Julia"	42
"Gotch, Professor Frances Margaret"	398
"Gould, Dr Keith Geoffrey"	162
"Grassly, Dr Nicholas Charles"	289
"Gregory-Evans, Dr Cheryl Yvonne PhD"	163
"Gregson, Professor Simon"	399
"Gressens, Professor Pierre"	400
"Griesenbach, Dr Uta"	164
"Grimm, Professor Stefan Wolfgang"	401
"Groves, Dr Alan"	165
"Grundling, Dr Angelika"	43
"Guillot, Dr Pascale Valerie"	44
"Habib, Professor Nagy Adly ChM FRCS"	402
"Habibi, Dr Parviz"	255
"Hagberg, Professor Henrik Erik Gustaf"	403
"Hajitou, Dr Amin"	45
"Hajji, Dr Nabil"	46
"Hajnal, Professor Joseph Vilmos (Jo)"	404
"Hanna, Professor George Bushra"	405
"Hansel, Dr Trevor"	256
"Hansell, Dr Anna Louise"	166
"Hanyaloglu, Dr Aylin Carla"	47
"Harding, Professor Sian Elizabeth"	406
"Hardy, Dr Katharine (Kate)"	290
"Harris, Ms Jessica Mary"	48
"Hart, Dr Ailsa Louise"	167
"Hart, Mr Alister James"	168
"Haskard, Professor Dorian Oliver FMedSci"	407
"Haynes, Professor Kenneth (Ken)"	408
"Higham, Professor Jennifer M (Jenny)"	409
"Ho, Professor Siew Yen (Yen)"	410
"Hodes, Dr Matthew"	169
"Hodson, Professor Margaret Ellen"	411
"Holden, Professor David William FRS, FMedSci"	412
"Holmes, Dr Alison H"	170
"Holmes, Professor Elaine"	413
"Hooper, Dr Richard"	49
"Hopkinson, Dr Nicholas Shaun (Nick)"	171
"Horwood, Dr Nicole (Nikki)"	50
"Huang, Dr Fang-Ping"	172
"Hughes, Professor Alun David"	414
"Huhtaniemi, Professor Ilpo Tapani FMedSci"	415
"Hussell, Professor Tracy"	416
"Imami, Dr Nesrina"	291
"Inwald, Dr David Philip"	173
"Itoh, Dr Yoshifumi"	174
"Jarvelin, Professor Marjo-Riitta"	417
"Jarvis, Dr Deborah Louise (Debbie)"	257
"Jeffery, Professor Peter K"	418
"Jiao, Mr Long R"	258
"Johnson, Professor Mark Richard"	419
"Johnston, Professor Desmond Geoffrey FMedSci"	420
"Johnston, Professor Sebastian Lennox"	421
"Jones, Dr Meinir"	51
"Jones, Dr Michael David"	175
"Kampmann, Dr Beate"	176
"Karadimitris, Dr Anastasios"	259
"Karayiannis, Dr Peter"	292
"Kaur, Dr Balvinder"	177
"Kelleher, Dr William Peter"	178
"Kemp, Dr Paul"	179
"Keun, Dr Hector"	52
"Khakoo, Professor Salim Iqbal BSc MD MBBS MRCP"	422
"Khan, Dr Shahid Aziz"	180
"Kneebone, Dr Roger Lister"	260
"Korchev, Professor Yuri Evgenyevich"	423
"Kroll, Professor John Simon FMedSci"	424
"Kudo, Dr Nobuaki"	53
"Kumar, Dr Sailesh"	181
"Kypta, Dr Robert Martin"	54
"Laffan, Professor Michael Arthur (Mike)"	425
"Lalvani, Professor Ajit MA MBBS DM FRCP"	426
"Lam, Professor Eric Wing-Fai"	427
"Lane, Professor David Anthony"	428
"Langford, Dr Paul Richard"	293
"Larkman, Dr David James"	182
"Laruelle, Professor Marc"	429
"Laycock, Professor John Francis"	430
"Le Roux, Dr Carel Wynand"	183
"Leclerc, Dr Isabelle"	184
"Leen, Professor Edward Lam Shang MB BCh, BAO, MD, FRCR"	431
"Leff, Mr Daniel R"	55
"Leitinger, Dr Birgit"	56
"Levicar, Dr Natasa"	57
"Levin, Professor Michael FMedSci"	432
"Li, Dr Meng"	294
"Libri, Dr Vincenzo"	185
"Lightstone, Dr Elizabeth Beatrice (Liz)"	186
"Lin, Professor Chen-Lung Steve MD FRCS DPhil (Steve)"	433
"Lingford-Hughes, Professor Anne Rosemary PhD BMBCH MRCPsych"	434
"Little, Dr Mark Peter"	295
"Lloyd, Professor Clare Margaret"	435
"Low-Beer, Dr Naomi"	58
"Lowrie, Dr Margaret Brenda (Maggie)"	187
"Lyon, Dr Alexander"	59
"Ma, Dr Daqing"	188
"MacLeod, Dr Kenneth Taylor (Ken)"	296
"Maden, Professor Anthony (Tony)"	436
"Magee, Professor Anthony Ian (Tony)"	437
"Main, Dr Janice"	189
"Maini, Emeritus Professor Ravinder Nath FMedSci"	438
"Maitland, Dr Kathryn"	190
"Majeed, Professor Farrukh Azeem (Azeem)"	439
"Malhotra, Dr Paresh Arjun"	60
"Mallia, Dr Patrick"	61
"Marczin, Dr Nandor"	191
"Marelli-Berg, Dr Federica Maria"	297
"Marin Costa, Dr David (David)"	192
"Marston, Professor Steven Baxter (Steve)"	440
"Martin, Dr Niamh Maria"	193
"Mason, Dr Justin Charles"	261
"Mason, Roger M N"	441
"Mathias, Professor Christopher Joseph DPhil DSci FRCP FMedSci"	442
"Matthews, Professor Paul McMahan (Paul)"	443
"Mayer, Mr Erik K"	62
"Mazarakis, Professor Nicholas Dionysios"	444
"McClure, Professor Myra Olga"	445
"McGarvey, Dr Michael Joseph"	298
"McGregor, Dr Alison Hazel PhD MSc MCSP"	299
"Meeran, Professor Mohammed Karim (Karim)"	446
"Michael, Dr Edwin"	194
"Michaud, Dr Dominique Sandrine"	300
"Middleton, Professor Lefkos MD"	447
"Midwood, Dr Kim"	63
"Millar, Dr Carolyn"	195
"Mintz, Dr Paul Jerry"	196
"Mitchell, Professor Jane Alison"	448
"Modi, Professor Neena"	449
"Moffatt, Professor Miriam Fleur"	450
"Molitor, Dr John Thomas"	64
"Monaco, Dr Claudia"	197
"Mongkolsapaya, Dr Juthathip"	65
"Moore, Dr David AJ"	262
"Moorthy, Mr Krishna"	198
"Moosavi, Dr Syed-Shakeeb Hassan (Shakeeb)"	66
"Morley, Professor Bernard John"	451
"Morrell, Dr Mary Jennifer"	301
"Muir, Dr Elizabeth Hilary"	199
"Muller, Dr Ingrid"	302
"Muraro, Dr Paolo Antonio"	263
"Murphy, Dr Chris Luke"	67
"Murphy, Dr Kevin Graeme"	200
"Nagase, Professor Hideaki"	452
"Nagy, Dr Istvan"	201
"Nanchahal, Professor Jagdeep"	453
"Newman Taylor, Professor Sir Anthony J CBE, FMedSci"	454
"Newsom-Davis, Dr Thomas Edmund"	68
"Newson, Dr Roger Benedict"	69
"Newton, Dr Douglas Edward Falconer"	202
"Newton, Dr Sandra Maria"	70
"Nicholson, Professor Jeremy Kirk"	455
"Nihoyannopoulos, Professor Petros"	456
"Nikolic, Dr Margareta"	71
"Nutt, Professor David John MRCP MRCPsych FRCPsych FMedSci"	457
"Openshaw, Professor Peter John Morland MB BS PhD FMedSci"	458
"Paige, Dr Adam John William"	72
"Paleolog, Dr Ewa"	203
"Palmieri, Dr Carlo"	204
"Panoskaltsis, Dr Nicki"	205
"Paraskeva, Mr Paraskevas Antonios"	303
"Pardo, Dr Olivier E"	73
"Parker, Professor Malcolm George FMedSci"	459
"Parkes Ratanshi, Dr Rosalind Margaret"	74
"Partridge, Professor Martyn Richard"	460
"Pasvol, Professor Geoffrey"	461
"Pathan, Dr Nazima"	206
"Paul-Clark, Dr Mark John"	75
"Pearse, Mr Michael"	207
"Pease, Dr James Edward"	304
"Peeters, Professor Petra H M"	462
"Pelicic, Dr Vladimir"	76
"Pennell, Professor Dudley John"	463
"Pepper, Professor John"	464
"Peters, Professor Nicholas Simon"	465
"Petretto, Dr Enrico Giuseppe"	77
"Phillips, Professor Robin K"	466
"Piccini, Professor Paola MD, PhD"	467
"Pickering, Dr Matthew Caleb"	208
"Piot, Professor Lord Peter Karel MD, PhD, FRCP"	468
"Popat, Dr Sanjaykumar (Sanjay)"	209
"Porter, Dr Andrew C G (Andy)"	305
"Poulter, Professor Neil Reginald"	469
"Purbhoo, Dr Marco"	78
"Purkayastha, Mr Sanjay"	79
"Purohit, Dr Atul"	306
"Pusey, Professor Charles Dickson FMedSci"	470
"Raby, Dr Adrian Mark"	210
"Rai, Mr Rajendra Singh (Raj)"	211
"Randi, Dr Anna M"	212
"Rankin, Dr Sara Margaret"	307
"Regan, Professor Lesley"	471
"Reynolds, Professor Richard"	472
"Rezek, Dr Iead"	80
"Rezvani, Dr Katayoun (Katy)"	213
"Riboli, Professor Elio BSc MD MSc"	473
"Richardson, Professor Sylvia"	474
"Roberts, Dr Nicola Jane"	81
"Roberts, Professor Irene"	475
"Robertson, Dr Brian Douglas"	214
"Robinson, Professor Douglas S F"	476
"Rogers, Dr Duncan Fraser"	308
"Rogers, Dr Nicola Jane"	215
"Roncaroli, Dr Federico"	264
"Rose, Professor Marlene Lydia"	477
"Rosenthal, Professor Nadia Alicia"	478
"Rutschmann, Dr Sophie"	82
"Rutter, Professor Guy Allen PhD"	479
"Saglani, Dr Sejal"	216
"Saklatvala, Professor Jeremy FMedSci"	480
"Salama, Dr Alan"	217
"Sastre, Dr Magdalena"	83
"Saxena, Dr Sonia Krishna"	218
"Schachter, Dr Michael"	219
"Schatzkin, Professor Arthur"	481
"Schmid, Dr Peter"	220
"Schmidt-Weber, Dr Carsten B"	309
"Schneider, Professor Michael David"	482
"Scott, Dr Diane M"	221
"Scott, Professor James FRS, FMedSci"	483
"Screaton, Professor Gavin Robert FMedSci"	484
"Seabra, Professor Miguel C"	485
"Seckl, Professor Michael"	486
"Seemungal, Dr Barry Mitra"	222
"Sen-Chowdhry, Dr Srijita"	84
"Sensky, Professor Thomas (Tom)"	487
"Sevdalis, Dr Nick"	85
"Sever, Professor Peter Sedgwick"	488
"Severs, Professor Nicholas John"	489
"Shaheen, Dr Seif Omar"	223
"Sharma, Dr Pankaj"	265
"Sharp, Dr David James"	224
"Shaunak, Professor Sunil"	490
"Shovlin, Dr Claire Louise"	225
"Skinner, Dr Michael Anthony (Mike)"	226
"Smith, Dr Kirsty Louise"	86
"Smith, Dr Susan Frances (Sue F)"	310
"Smith, Professor Geoffrey Lilley FRS, FMedSci, FIBiol"	491
"Smith, Professor Stephen Kevin FMedSci"	492
"Solito, Dr Egle"	227
"Spalding, Mr Duncan R C"	228
"Spencer-Dene, Dr Bradley"	87
"Spratt, Professor Brian Geoffrey CBE FRS FMedSci"	493
"Sriskandan, Professor Shiranee"	494
"Stamp, Professor Gordon William"	495
"Stanley, Dr Sarah Amy"	229
"Stebbing, Dr Justin"	230
"Stevenson, Dr Christopher Scott"	88
"Strutton, Dr Paul Henry"	89
"Sturge, Dr Justin"	90
"Sugden, Professor Peter Howard"	496
"Sullivan, Dr Mark Hubbard Fitzmaurice"	231
"Swain, Professor Paul C"	497
"Takata, Professor Masao"	498
"Tam, Dr Frederick"	232
"Tang, Professor Christoph Marcel"	499
"Tarzi, Dr Ruth Margaret"	233
"Taylor, Dr Deanna Lesley"	91
"Taylor, Dr Graham Philip"	266
"Taylor, Dr Patricia Mary"	92
"Taylor, Professor Peter Charles"	500
"Taylor-Robinson, Professor Simon David"	501
"Tekkis, Mr Paris Procopiou"	267
"Terracciano, Dr Cesare Maria Nicola"	234
"Terzidou, Dr Vasiliki Ioannou (Vasso)"	93
"Tetley, Professor Teresa Dorothy (Terry)"	502
"Thom, Professor Simon Alasdair McG MD FRCP"	503
"Thomas, Professor Geraldine Anne (Gerry)"	504
"Thomas, Professor Howard Christopher FMedSci"	505
"Thomas, Professor Huw Jeremy"	506
"Thursz, Professor Mark Richard"	507
"Toledano, Dr Mireille Beracha"	235
"Trapp, Dr Stefan"	236
"Tudor-Williams, Dr Gareth"	268
"Tyrer, Professor Peter Julian FMedSci"	508
"Tyrrell-Price, Dr Jonathan"	94
"Tzoulaki, Dr Ioanna"	95
"Udalova, Dr Irina"	96
"Underwood, Professor Stephen Richard (Richard)"	509
"Uprichard, Dr James"	97
"Usmani, Dr Omar Sharif"	237
"Venables, Professor Patrick J"	510
"Vincent, Dr Tonia"	238
"Vincent, Professor Charles Anthony"	511
"Vineis, Professor Paolo"	512
"Vyse, Professor Timothy James (Tim)"	513
"Wait, Dr Robin"	239
"Walczak, Professor Henning"	514
"Walker, Dr Marjorie Mary"	269
"Walley, Dr Andrew John"	98
"Wang, Dr Jayson Ee Hur"	99
"Want, Dr Elizabeth Joy"	100
"Ward, Dr Helen"	270
"Warner, Dr Jill Amanda"	311
"Warner, Professor John Oliver FMedSci"	515
"Warrens, Professor Anthony Nigel"	516
"Watson, Dr Roger John"	312
"Watt, Dr Fiona Elizabeth"	101
"Waxman, Professor Jonathan"	517
"Weaver, Dr Timothy David (Tim)"	240
"Weber, Professor Jonathan Norden FMedSci, FRCP, FRCPath"	518
"Webster, Professor Joanne P"	519
"Wells, Professor Dominic John"	520
"Wharton, Dr John"	241
"White, Dr Peter John"	102
"Wigneshweraraj, Dr Sivaramesh"	103
"Wilkins, Professor Martin Russell"	521
"Wilkinson, Professor Robert John"	522
"Williams, Dr Richard Owen"	242
"Williams, Professor Graham Richard"	523
"Williams, Professor Timothy John FMedSci"	524
"Williamson, Professor Catherine"	525
"Wilson, Dr Michael Robert"	104
"Winston, Dr Alan"	243
"Wise, Professor Richard James S"	526
"Wojciak-Stothard, Dr Beata"	105
"Woloshynowych, Dr Maria"	106
"Wood, Professor David Allan"	527
"Wort, Dr Stephen John"	244
"Wynne, Dr Katie-Jane"	107
"Yague, Dr Ernesto"	108
"Ying, Dr Liming"	109
"Young, Professor Douglas Brownlie FMedSci"	528
"Yu, Dr Veronica"	110
"Zacharakis, Mr Emmanouil"	245
"Zhao, Dr Lan"	111
"Ziprin, Dr Paul"	246
